request_id,workload_name,workload_mode,request_type,cache_group_id,intended_prefix_reuse,unique_marker,prompt_len_target,output_len_target,prompt_len_actual,output_len_actual,ttft_ms,tpot_ms,total_latency_ms,tokens_per_second,num_cached_tokens,ttft_method,backend,model_name,success,error_msg,data_source
decode_heavy_512-synthetic_unique-000000,decode_heavy_512,synthetic_unique,decode_heavy,,False,9097da9d46fa Request-ID: 43ec3c46d0e9. Sequence: 0. Topic: marine ecology. ,256,512,256,512,146.11148834228516,75.9477958551548,38955.43517032638,13.14322373146038,0,offline_proxy,vllm,meta-llama/Llama-3.1-8B-Instruct,True,,measured
decode_heavy_512-synthetic_unique-000001,decode_heavy_512,synthetic_unique,decode_heavy,,False,4486b26b4ff0 Request-ID: dfe8bd4a6794. Sequence: 1. Topic: marine ecology. ,256,512,256,512,1094.4528579711914,74.13786941311831,38978.904128074646,13.135310277520881,0,offline_proxy,vllm,meta-llama/Llama-3.1-8B-Instruct,True,,measured
decode_heavy_512-synthetic_unique-000002,decode_heavy_512,synthetic_unique,decode_heavy,,False,e73fe82ec662 Request-ID: 9f0df4a8a921. Sequence: 2. Topic: urban hydrology. ,256,512,256,512,1093.6470031738281,74.13786941311831,38978.09827327728,13.135581844202452,0,offline_proxy,vllm,meta-llama/Llama-3.1-8B-Instruct,True,,measured
decode_heavy_512-synthetic_unique-000003,decode_heavy_512,synthetic_unique,decode_heavy,,False,86587109fe35 Request-ID: bceb65ea0326. Sequence: 3. Topic: robot navigation. ,256,512,256,512,1092.9031372070312,74.13786941311831,38977.354407310486,13.135832531106079,0,offline_proxy,vllm,meta-llama/Llama-3.1-8B-Instruct,True,,measured
decode_heavy_512-synthetic_unique-000004,decode_heavy_512,synthetic_unique,decode_heavy,,False,9029b340ee92 Request-ID: 0647242cd8b6. Sequence: 4. Topic: renewable energy. ,256,512,256,512,1092.1916961669922,74.13786941311831,38976.64296627045,13.136072299583981,0,offline_proxy,vllm,meta-llama/Llama-3.1-8B-Instruct,True,,measured
decode_heavy_512-synthetic_unique-000005,decode_heavy_512,synthetic_unique,decode_heavy,,False,46055e27f9ff Request-ID: 517c5075d482. Sequence: 5. Topic: supply chain planning. ,256,512,256,512,1091.4769172668457,74.13786941311831,38975.9281873703,13.136313201795863,0,offline_proxy,vllm,meta-llama/Llama-3.1-8B-Instruct,True,,measured
decode_heavy_512-synthetic_unique-000006,decode_heavy_512,synthetic_unique,decode_heavy,,False,d02fb40f0507 Request-ID: 71b81badc3d5. Sequence: 6. Topic: computer security. ,256,512,256,512,1090.6953811645508,74.13786941311831,38975.146651268005,13.13657661332604,0,offline_proxy,vllm,meta-llama/Llama-3.1-8B-Instruct,True,,measured
decode_heavy_512-synthetic_unique-000007,decode_heavy_512,synthetic_unique,decode_heavy,,False,fb87f44164f3 Request-ID: 1c2d8db4476a. Sequence: 7. Topic: satellite imaging. ,256,512,256,512,1089.9407863616943,74.13786941311831,38974.39205646515,13.136830954495117,0,offline_proxy,vllm,meta-llama/Llama-3.1-8B-Instruct,True,,measured
decode_heavy_512-synthetic_unique-000008,decode_heavy_512,synthetic_unique,decode_heavy,,False,574fc1b23c83 Request-ID: ba6fe74069fb. Sequence: 8. Topic: computer security. ,256,512,256,512,1089.1923904418945,74.13786941311831,38973.64366054535,13.137083216017572,0,offline_proxy,vllm,meta-llama/Llama-3.1-8B-Instruct,True,,measured
decode_heavy_512-synthetic_unique-000009,decode_heavy_512,synthetic_unique,decode_heavy,,False,412182394d25 Request-ID: 3da02e17d90f. Sequence: 9. Topic: language education. ,256,512,256,512,1088.451623916626,74.13786941311831,38972.90289402008,13.137332915443674,0,offline_proxy,vllm,meta-llama/Llama-3.1-8B-Instruct,True,,measured
decode_heavy_512-synthetic_unique-000010,decode_heavy_512,synthetic_unique,decode_heavy,,False,ecfc758ca8ea Request-ID: bb41154c86a0. Sequence: 10. Topic: ancient astronomy. ,256,512,256,512,1087.74995803833,74.13786941311831,38972.201228141785,13.137569443480276,0,offline_proxy,vllm,meta-llama/Llama-3.1-8B-Instruct,True,,measured
decode_heavy_512-synthetic_unique-000011,decode_heavy_512,synthetic_unique,decode_heavy,,False,1c1965765053 Request-ID: 44d14062e946. Sequence: 11. Topic: renewable energy. ,256,512,256,512,1086.7488384246826,74.13786941311831,38971.20010852814,13.13790693060946,0,offline_proxy,vllm,meta-llama/Llama-3.1-8B-Instruct,True,,measured
decode_heavy_512-synthetic_unique-000012,decode_heavy_512,synthetic_unique,decode_heavy,,False,120f33936505 Request-ID: 4ae02e01c51f. Sequence: 12. Topic: supply chain planning. ,256,512,256,512,1085.5753421783447,74.13786941311831,38970.0266122818,13.138302549648195,0,offline_proxy,vllm,meta-llama/Llama-3.1-8B-Instruct,True,,measured
decode_heavy_512-synthetic_unique-000013,decode_heavy_512,synthetic_unique,decode_heavy,,False,8dfd0842f071 Request-ID: c9adda0e9cd8. Sequence: 13. Topic: digital typography. ,256,512,256,512,1084.8190784454346,74.13786941311831,38969.27034854889,13.1385575203377,0,offline_proxy,vllm,meta-llama/Llama-3.1-8B-Instruct,True,,measured
decode_heavy_512-synthetic_unique-000014,decode_heavy_512,synthetic_unique,decode_heavy,,False,b5356ad8abe3 Request-ID: a25cbbcdf361. Sequence: 14. Topic: urban hydrology. ,256,512,256,512,1084.087610244751,74.13786941311831,38968.538880348206,13.138804140747528,0,offline_proxy,vllm,meta-llama/Llama-3.1-8B-Instruct,True,,measured
decode_heavy_512-synthetic_unique-000015,decode_heavy_512,synthetic_unique,decode_heavy,,False,e72a39ad0033 Request-ID: af08bc02ce03. Sequence: 15. Topic: ancient astronomy. ,256,512,256,512,1083.3494663238525,74.13786941311831,38967.80073642731,13.139053021316126,0,offline_proxy,vllm,meta-llama/Llama-3.1-8B-Instruct,True,,measured
decode_heavy_512-synthetic_unique-000016,decode_heavy_512,synthetic_unique,decode_heavy,,False,fd60e0e34886 Request-ID: af6d20b6d435. Sequence: 16. Topic: protein folding. ,256,512,256,512,1082.6220512390137,74.13786941311831,38967.07332134247,13.139298293658994,0,offline_proxy,vllm,meta-llama/Llama-3.1-8B-Instruct,True,,measured
decode_heavy_512-synthetic_unique-000017,decode_heavy_512,synthetic_unique,decode_heavy,,False,36d4dc8e2f29 Request-ID: 9839997f0654. Sequence: 17. Topic: language education. ,256,512,256,512,1081.923007965088,74.13786941311831,38966.37427806854,13.139534008124773,0,offline_proxy,vllm,meta-llama/Llama-3.1-8B-Instruct,True,,measured
decode_heavy_512-synthetic_unique-000018,decode_heavy_512,synthetic_unique,decode_heavy,,False,1e2c3d3f1157 Request-ID: 2d64f519345d. Sequence: 18. Topic: database indexing. ,256,512,256,512,1081.214427947998,74.13786941311831,38965.66569805145,13.13977294697171,0,offline_proxy,vllm,meta-llama/Llama-3.1-8B-Instruct,True,,measured
decode_heavy_512-synthetic_unique-000019,decode_heavy_512,synthetic_unique,decode_heavy,,False,6c66ee63f2b2 Request-ID: 5f146327856d. Sequence: 19. Topic: public transportation. ,256,512,256,512,1080.5106163024902,74.13786941311831,38964.961886405945,13.140010286488334,0,offline_proxy,vllm,meta-llama/Llama-3.1-8B-Instruct,True,,measured
decode_heavy_512-synthetic_unique-000020,decode_heavy_512,synthetic_unique,decode_heavy,,False,fd56d290af1d Request-ID: c9fff705b404. Sequence: 20. Topic: ancient astronomy. ,256,512,256,512,1079.8144340515137,74.13786941311831,38964.26570415497,13.140245061654086,0,offline_proxy,vllm,meta-llama/Llama-3.1-8B-Instruct,True,,measured
decode_heavy_512-synthetic_unique-000021,decode_heavy_512,synthetic_unique,decode_heavy,,False,a6716054fdec Request-ID: b5ae0fb73f96. Sequence: 21. Topic: renewable energy. ,256,512,256,512,1079.0987014770508,74.13786941311831,38963.549971580505,13.140486438567482,0,offline_proxy,vllm,meta-llama/Llama-3.1-8B-Instruct,True,,measured
decode_heavy_512-synthetic_unique-000022,decode_heavy_512,synthetic_unique,decode_heavy,,False,08eea3cf766c Request-ID: 4df9bafc02ab. Sequence: 22. Topic: satellite imaging. ,256,512,256,512,1078.0482292175293,74.13786941311831,38962.499499320984,13.140840720676117,0,offline_proxy,vllm,meta-llama/Llama-3.1-8B-Instruct,True,,measured
decode_heavy_512-synthetic_unique-000023,decode_heavy_512,synthetic_unique,decode_heavy,,False,ca335fb8ee3c Request-ID: 3ff951384cfe. Sequence: 23. Topic: language education. ,256,512,256,512,1077.014446258545,74.13786941311831,38961.465716362,13.141189392805206,0,offline_proxy,vllm,meta-llama/Llama-3.1-8B-Instruct,True,,measured
decode_heavy_512-synthetic_unique-000024,decode_heavy_512,synthetic_unique,decode_heavy,,False,c9d76dde6d38 Request-ID: 986f36515475. Sequence: 24. Topic: public transportation. ,256,512,256,512,1076.2693881988525,74.13786941311831,38960.72065830231,13.141440695884452,0,offline_proxy,vllm,meta-llama/Llama-3.1-8B-Instruct,True,,measured
decode_heavy_512-synthetic_unique-000025,decode_heavy_512,synthetic_unique,decode_heavy,,False,4c0635ed8165 Request-ID: 863a4814a868. Sequence: 25. Topic: ancient astronomy. ,256,512,256,512,1075.526475906372,74.13786941311831,38959.97774600983,13.141691284781025,0,offline_proxy,vllm,meta-llama/Llama-3.1-8B-Instruct,True,,measured
decode_heavy_512-synthetic_unique-000026,decode_heavy_512,synthetic_unique,decode_heavy,,False,621eeb0bdc51 Request-ID: 2fcbc8ba2c19. Sequence: 26. Topic: language education. ,256,512,256,512,1074.6209621429443,74.13786941311831,38959.0722322464,13.141996733079745,0,offline_proxy,vllm,meta-llama/Llama-3.1-8B-Instruct,True,,measured
decode_heavy_512-synthetic_unique-000027,decode_heavy_512,synthetic_unique,decode_heavy,,False,f3c39e73c485 Request-ID: 729a018dc829. Sequence: 27. Topic: ancient astronomy. ,256,512,256,512,1073.8730430603027,74.13786941311831,38958.32431316376,13.142249032179205,0,offline_proxy,vllm,meta-llama/Llama-3.1-8B-Instruct,True,,measured
decode_heavy_512-synthetic_unique-000028,decode_heavy_512,synthetic_unique,decode_heavy,,False,c9b909b60dec Request-ID: ccb73756ad12. Sequence: 28. Topic: numerical linear algebra. ,256,512,256,512,1073.1501579284668,74.13786941311831,38957.60142803192,13.142492895663507,0,offline_proxy,vllm,meta-llama/Llama-3.1-8B-Instruct,True,,measured
decode_heavy_512-synthetic_unique-000029,decode_heavy_512,synthetic_unique,decode_heavy,,False,e4f19c89089d Request-ID: 88e0547e533a. Sequence: 29. Topic: protein folding. ,256,512,256,512,1072.4542140960693,74.13786941311831,38956.905484199524,13.142727679118696,0,offline_proxy,vllm,meta-llama/Llama-3.1-8B-Instruct,True,,measured
decode_heavy_512-synthetic_unique-000030,decode_heavy_512,synthetic_unique,decode_heavy,,False,0522bbd41157 Request-ID: 8a1a212e77e1. Sequence: 30. Topic: renewable energy. ,256,512,256,512,1071.7694759368896,74.13786941311831,38956.220746040344,13.142958690417668,0,offline_proxy,vllm,meta-llama/Llama-3.1-8B-Instruct,True,,measured
decode_heavy_512-synthetic_unique-000031,decode_heavy_512,synthetic_unique,decode_heavy,,False,15221a98846c Request-ID: 121f6f2d4bc3. Sequence: 31. Topic: compiler optimization. ,256,512,256,512,1071.0184574127197,74.13786941311831,38955.469727516174,13.143212072176583,0,offline_proxy,vllm,meta-llama/Llama-3.1-8B-Instruct,True,,measured
decode_heavy_512-synthetic_unique-000032,decode_heavy_512,synthetic_unique,decode_heavy,,False,b79f5dbd8c69 Request-ID: 4592beb771dd. Sequence: 32. Topic: distributed systems. ,256,512,256,512,2111.020565032959,72.20560984336088,39008.08719499037,13.12548337581018,0,offline_proxy,vllm,meta-llama/Llama-3.1-8B-Instruct,True,,measured
decode_heavy_512-synthetic_unique-000033,decode_heavy_512,synthetic_unique,decode_heavy,,False,9a8c4b44dd86 Request-ID: a27db16510ad. Sequence: 33. Topic: satellite imaging. ,256,512,256,512,2110.283851623535,72.20560984336088,39007.35048158094,13.125731270616896,0,offline_proxy,vllm,meta-llama/Llama-3.1-8B-Instruct,True,,measured
decode_heavy_512-synthetic_unique-000034,decode_heavy_512,synthetic_unique,decode_heavy,,False,d933bc8c9905 Request-ID: 1c659ffb7596. Sequence: 34. Topic: supply chain planning. ,256,512,256,512,2109.577417373657,72.20560984336088,39006.644047331065,13.125968985661363,0,offline_proxy,vllm,meta-llama/Llama-3.1-8B-Instruct,True,,measured
decode_heavy_512-synthetic_unique-000035,decode_heavy_512,synthetic_unique,decode_heavy,,False,073eef4b7c6d Request-ID: 8bafcb4ea4c8. Sequence: 35. Topic: urban hydrology. ,256,512,256,512,2108.5901260375977,72.20560984336088,39005.656755995005,13.126301223509273,0,offline_proxy,vllm,meta-llama/Llama-3.1-8B-Instruct,True,,measured
decode_heavy_512-synthetic_unique-000036,decode_heavy_512,synthetic_unique,decode_heavy,,False,d743311419f4 Request-ID: b3ec32dcd829. Sequence: 36. Topic: computer security. ,256,512,256,512,2107.56254196167,72.20560984336088,39004.62917191908,13.126647038311246,0,offline_proxy,vllm,meta-llama/Llama-3.1-8B-Instruct,True,,measured
decode_heavy_512-synthetic_unique-000037,decode_heavy_512,synthetic_unique,decode_heavy,,False,d22f9449e60c Request-ID: 6131ade9564f. Sequence: 37. Topic: database indexing. ,256,512,256,512,2106.8215370178223,72.20560984336088,39003.88816697523,13.126896421406334,0,offline_proxy,vllm,meta-llama/Llama-3.1-8B-Instruct,True,,measured
decode_heavy_512-synthetic_unique-000038,decode_heavy_512,synthetic_unique,decode_heavy,,False,3885f6ea60d9 Request-ID: b4e72da46ab9. Sequence: 38. Topic: urban hydrology. ,256,512,256,512,2106.0876846313477,72.20560984336088,39003.154314588755,13.127143406667786,0,offline_proxy,vllm,meta-llama/Llama-3.1-8B-Instruct,True,,measured
decode_heavy_512-synthetic_unique-000039,decode_heavy_512,synthetic_unique,decode_heavy,,False,6ab1b7691532 Request-ID: bfdc357cf1b1. Sequence: 39. Topic: compiler optimization. ,256,512,256,512,2105.3802967071533,72.20560984336088,39002.44692666456,13.127381493850944,0,offline_proxy,vllm,meta-llama/Llama-3.1-8B-Instruct,True,,measured
decode_heavy_512-synthetic_unique-000040,decode_heavy_512,synthetic_unique,decode_heavy,,False,3368064c753c Request-ID: 41c9a824100f. Sequence: 40. Topic: robot navigation. ,256,512,256,512,2104.6717166900635,72.20560984336088,39001.73834664747,13.127619990917935,0,offline_proxy,vllm,meta-llama/Llama-3.1-8B-Instruct,True,,measured
decode_heavy_512-synthetic_unique-000041,decode_heavy_512,synthetic_unique,decode_heavy,,False,14a6d9c0a479 Request-ID: b74eef38c381. Sequence: 41. Topic: renewable energy. ,256,512,256,512,2103.980541229248,72.20560984336088,39001.047171186656,13.127852638230118,0,offline_proxy,vllm,meta-llama/Llama-3.1-8B-Instruct,True,,measured
decode_heavy_512-synthetic_unique-000042,decode_heavy_512,synthetic_unique,decode_heavy,,False,2556c815a598 Request-ID: 569d0d45c32c. Sequence: 42. Topic: marine ecology. ,256,512,256,512,2103.292942047119,72.20560984336088,39000.35957200453,13.128084089961236,0,offline_proxy,vllm,meta-llama/Llama-3.1-8B-Instruct,True,,measured
decode_heavy_512-synthetic_unique-000043,decode_heavy_512,synthetic_unique,decode_heavy,,False,96d9a9b534f5 Request-ID: eb5d62ff3342. Sequence: 43. Topic: computer security. ,256,512,256,512,2102.5874614715576,72.20560984336088,38999.654091428965,13.128321569203951,0,offline_proxy,vllm,meta-llama/Llama-3.1-8B-Instruct,True,,measured
decode_heavy_512-synthetic_unique-000044,decode_heavy_512,synthetic_unique,decode_heavy,,False,8f3be14df5df Request-ID: e71342b6e3f3. Sequence: 44. Topic: urban hydrology. ,256,512,256,512,2101.882219314575,72.20560984336088,38998.94884927198,13.128558976777596,0,offline_proxy,vllm,meta-llama/Llama-3.1-8B-Instruct,True,,measured
decode_heavy_512-synthetic_unique-000045,decode_heavy_512,synthetic_unique,decode_heavy,,False,4bab7e0e2d1a Request-ID: 24a1870c544e. Sequence: 45. Topic: public transportation. ,256,512,256,512,2101.2141704559326,72.20560984336088,38998.28080041334,13.12878387178989,0,offline_proxy,vllm,meta-llama/Llama-3.1-8B-Instruct,True,,measured
decode_heavy_512-synthetic_unique-000046,decode_heavy_512,synthetic_unique,decode_heavy,,False,90f3ffc82917 Request-ID: 903c988efc82. Sequence: 46. Topic: supply chain planning. ,256,512,256,512,2100.5215644836426,72.20560984336088,38997.58819444105,13.129017041956034,0,offline_proxy,vllm,meta-llama/Llama-3.1-8B-Instruct,True,,measured
decode_heavy_512-synthetic_unique-000047,decode_heavy_512,synthetic_unique,decode_heavy,,False,a2e1bcfa4706 Request-ID: 44cc17cfd559. Sequence: 47. Topic: urban hydrology. ,256,512,256,512,2099.7982025146484,72.20560984336088,38996.864832472056,13.129260575164645,0,offline_proxy,vllm,meta-llama/Llama-3.1-8B-Instruct,True,,measured
decode_heavy_512-synthetic_unique-000048,decode_heavy_512,synthetic_unique,decode_heavy,,False,91a0dba73732 Request-ID: ce6a88c4d730. Sequence: 48. Topic: database indexing. ,256,512,256,512,2099.1175174713135,72.20560984336088,38996.18414742872,13.129489748646588,0,offline_proxy,vllm,meta-llama/Llama-3.1-8B-Instruct,True,,measured
decode_heavy_512-synthetic_unique-000049,decode_heavy_512,synthetic_unique,decode_heavy,,False,294f4f058116 Request-ID: 9107b0fc5e59. Sequence: 49. Topic: protein folding. ,256,512,256,512,2098.4365940093994,72.20560984336088,38995.50322396681,13.129719010404322,0,offline_proxy,vllm,meta-llama/Llama-3.1-8B-Instruct,True,,measured
decode_heavy_512-synthetic_unique-000050,decode_heavy_512,synthetic_unique,decode_heavy,,False,b946e69a602a Request-ID: b84da538f3cf. Sequence: 50. Topic: language education. ,256,512,256,512,2097.7261066436768,72.20560984336088,38994.792736601084,13.129958234639604,0,offline_proxy,vllm,meta-llama/Llama-3.1-8B-Instruct,True,,measured
decode_heavy_512-synthetic_unique-000051,decode_heavy_512,synthetic_unique,decode_heavy,,False,17cd21bb731d Request-ID: e4f0b11095b2. Sequence: 51. Topic: numerical linear algebra. ,256,512,256,512,2097.0382690429688,72.20560984336088,38994.10489900038,13.13018984090401,0,offline_proxy,vllm,meta-llama/Llama-3.1-8B-Instruct,True,,measured
decode_heavy_512-synthetic_unique-000052,decode_heavy_512,synthetic_unique,decode_heavy,,False,2ead27af33d9 Request-ID: 4884bc565dd6. Sequence: 52. Topic: satellite imaging. ,256,512,256,512,2096.355676651001,72.20560984336088,38993.42230660841,13.130419689097891,0,offline_proxy,vllm,meta-llama/Llama-3.1-8B-Instruct,True,,measured
decode_heavy_512-synthetic_unique-000053,decode_heavy_512,synthetic_unique,decode_heavy,,False,a58c93df0d52 Request-ID: e94c26ec6bf4. Sequence: 53. Topic: distributed systems. ,256,512,256,512,2095.6661701202393,72.20560984336088,38992.73280007765,13.130651873648118,0,offline_proxy,vllm,meta-llama/Llama-3.1-8B-Instruct,True,,measured
decode_heavy_512-synthetic_unique-000054,decode_heavy_512,synthetic_unique,decode_heavy,,False,7d0d52a956bf Request-ID: b1c1c38c4871. Sequence: 54. Topic: digital typography. ,256,512,256,512,2094.9759483337402,72.20560984336088,38992.04257829115,13.13088430727803,0,offline_proxy,vllm,meta-llama/Llama-3.1-8B-Instruct,True,,measured
decode_heavy_512-synthetic_unique-000055,decode_heavy_512,synthetic_unique,decode_heavy,,False,fe9838a36666 Request-ID: ade1b05b92c4. Sequence: 55. Topic: digital typography. ,256,512,256,512,2094.2986011505127,72.20560984336088,38991.36523110792,13.131112413358597,0,offline_proxy,vllm,meta-llama/Llama-3.1-8B-Instruct,True,,measured
decode_heavy_512-synthetic_unique-000056,decode_heavy_512,synthetic_unique,decode_heavy,,False,d3cecdb46ee3 Request-ID: 97ab6b4d14e3. Sequence: 56. Topic: compiler optimization. ,256,512,256,512,2093.6319828033447,72.20560984336088,38990.69861276075,13.131336914092488,0,offline_proxy,vllm,meta-llama/Llama-3.1-8B-Instruct,True,,measured
decode_heavy_512-synthetic_unique-000057,decode_heavy_512,synthetic_unique,decode_heavy,,False,242d2a245c0d Request-ID: 6fd2f4b3950f. Sequence: 57. Topic: computer security. ,256,512,256,512,2092.939615249634,72.20560984336088,38990.00624520704,13.131570094655705,0,offline_proxy,vllm,meta-llama/Llama-3.1-8B-Instruct,True,,measured
decode_heavy_512-synthetic_unique-000058,decode_heavy_512,synthetic_unique,decode_heavy,,False,ec488a3a5fac Request-ID: 019f03baf9c3. Sequence: 58. Topic: supply chain planning. ,256,512,256,512,2092.233180999756,72.20560984336088,38989.29981095716,13.1318080212385,0,offline_proxy,vllm,meta-llama/Llama-3.1-8B-Instruct,True,,measured
decode_heavy_512-synthetic_unique-000059,decode_heavy_512,synthetic_unique,decode_heavy,,False,a95b5aa549af Request-ID: 349c0b05820d. Sequence: 59. Topic: language education. ,256,512,256,512,2091.550588607788,72.20560984336088,38988.617218565196,13.132037926089904,0,offline_proxy,vllm,meta-llama/Llama-3.1-8B-Instruct,True,,measured
decode_heavy_512-synthetic_unique-000060,decode_heavy_512,synthetic_unique,decode_heavy,,False,f0eaa7e193c7 Request-ID: 154da7fa4cbb. Sequence: 60. Topic: supply chain planning. ,256,512,256,512,2090.8844470977783,72.20560984336088,38987.951077055186,13.132262297859436,0,offline_proxy,vllm,meta-llama/Llama-3.1-8B-Instruct,True,,measured
decode_heavy_512-synthetic_unique-000061,decode_heavy_512,synthetic_unique,decode_heavy,,False,884c94a4475a Request-ID: cd517b7db165. Sequence: 61. Topic: compiler optimization. ,256,512,256,512,2090.2090072631836,72.20560984336088,38987.27563722059,13.13248980934695,0,offline_proxy,vllm,meta-llama/Llama-3.1-8B-Instruct,True,,measured
decode_heavy_512-synthetic_unique-000062,decode_heavy_512,synthetic_unique,decode_heavy,,False,3eb9aa5e1159 Request-ID: d394e77037ba. Sequence: 62. Topic: compiler optimization. ,256,512,256,512,2089.4949436187744,72.20560984336088,38986.56157357618,13.132730339241224,0,offline_proxy,vllm,meta-llama/Llama-3.1-8B-Instruct,True,,measured
decode_heavy_512-synthetic_unique-000063,decode_heavy_512,synthetic_unique,decode_heavy,,False,122f1a1deb12 Request-ID: 26eb04354695. Sequence: 63. Topic: urban hydrology. ,256,512,256,512,2088.8164043426514,72.20560984336088,38985.88303430006,13.132958911038099,0,offline_proxy,vllm,meta-llama/Llama-3.1-8B-Instruct,True,,measured
decode_heavy_512-synthetic_unique-000064,decode_heavy_512,synthetic_unique,decode_heavy,,False,134a32b31a6e Request-ID: 95fe8fafd258. Sequence: 64. Topic: language education. ,256,512,256,512,3139.6732330322266,70.26308409618159,39044.10920618102,13.113373833073544,0,offline_proxy,vllm,meta-llama/Llama-3.1-8B-Instruct,True,,measured
decode_heavy_512-synthetic_unique-000065,decode_heavy_512,synthetic_unique,decode_heavy,,False,c46217520e62 Request-ID: a1aeb55fea0c. Sequence: 65. Topic: ancient astronomy. ,256,512,256,512,3139.000177383423,70.26308409618159,39043.436150532216,13.113599889773553,0,offline_proxy,vllm,meta-llama/Llama-3.1-8B-Instruct,True,,measured
decode_heavy_512-synthetic_unique-000066,decode_heavy_512,synthetic_unique,decode_heavy,,False,1af674c2e39c Request-ID: d81106510d6b. Sequence: 66. Topic: digital typography. ,256,512,256,512,3138.314723968506,70.26308409618159,39042.7506971173,13.113830118475828,0,offline_proxy,vllm,meta-llama/Llama-3.1-8B-Instruct,True,,measured
decode_heavy_512-synthetic_unique-000067,decode_heavy_512,synthetic_unique,decode_heavy,,False,6f087d9181e3 Request-ID: e5917d926824. Sequence: 67. Topic: ancient astronomy. ,256,512,256,512,3137.627601623535,70.26308409618159,39042.06357477233,13.114060915848649,0,offline_proxy,vllm,meta-llama/Llama-3.1-8B-Instruct,True,,measured
decode_heavy_512-synthetic_unique-000068,decode_heavy_512,synthetic_unique,decode_heavy,,False,6acb3dce7ec4 Request-ID: 2cb718560768. Sequence: 68. Topic: compiler optimization. ,256,512,256,512,3136.9338035583496,70.26308409618159,39041.36977670714,13.114293963770436,0,offline_proxy,vllm,meta-llama/Llama-3.1-8B-Instruct,True,,measured
decode_heavy_512-synthetic_unique-000069,decode_heavy_512,synthetic_unique,decode_heavy,,False,08bfc31c7efd Request-ID: e21c2a0f4f2b. Sequence: 69. Topic: numerical linear algebra. ,256,512,256,512,3136.2531185150146,70.26308409618159,39040.68909166381,13.114522615056126,0,offline_proxy,vllm,meta-llama/Llama-3.1-8B-Instruct,True,,measured
decode_heavy_512-synthetic_unique-000070,decode_heavy_512,synthetic_unique,decode_heavy,,False,8944f1323192 Request-ID: f94436780325. Sequence: 70. Topic: urban hydrology. ,256,512,256,512,3135.554313659668,70.26308409618159,39039.99028680846,13.11475736132557,0,offline_proxy,vllm,meta-llama/Llama-3.1-8B-Instruct,True,,measured
decode_heavy_512-synthetic_unique-000071,decode_heavy_512,synthetic_unique,decode_heavy,,False,b136c427bc96 Request-ID: c5927eedc8ce. Sequence: 71. Topic: compiler optimization. ,256,512,256,512,3134.8745822906494,70.26308409618159,39039.31055543944,13.114985708390329,0,offline_proxy,vllm,meta-llama/Llama-3.1-8B-Instruct,True,,measured
decode_heavy_512-synthetic_unique-000072,decode_heavy_512,synthetic_unique,decode_heavy,,False,9b5477853cbf Request-ID: af6d1ddab4bf. Sequence: 72. Topic: renewable energy. ,256,512,256,512,3134.17649269104,70.26308409618159,39038.61246583983,13.11522023094489,0,offline_proxy,vllm,meta-llama/Llama-3.1-8B-Instruct,True,,measured
decode_heavy_512-synthetic_unique-000073,decode_heavy_512,synthetic_unique,decode_heavy,,False,db6c72519de8 Request-ID: 1ec6822e85fc. Sequence: 73. Topic: satellite imaging. ,256,512,256,512,3133.4829330444336,70.26308409618159,39037.91890619323,13.1154532399721,0,offline_proxy,vllm,meta-llama/Llama-3.1-8B-Instruct,True,,measured
decode_heavy_512-synthetic_unique-000074,decode_heavy_512,synthetic_unique,decode_heavy,,False,380d8a1f2761 Request-ID: 25c2eccf6903. Sequence: 74. Topic: urban hydrology. ,256,512,256,512,3132.8132152557373,70.26308409618159,39037.24918840453,13.115678246921211,0,offline_proxy,vllm,meta-llama/Llama-3.1-8B-Instruct,True,,measured
decode_heavy_512-synthetic_unique-000075,decode_heavy_512,synthetic_unique,decode_heavy,,False,b41e3f114aa7 Request-ID: 41f2a46c208d. Sequence: 75. Topic: public transportation. ,256,512,256,512,3131.97660446167,70.26308409618159,39036.41257761046,13.11595933622395,0,offline_proxy,vllm,meta-llama/Llama-3.1-8B-Instruct,True,,measured
decode_heavy_512-synthetic_unique-000076,decode_heavy_512,synthetic_unique,decode_heavy,,False,47b824a8e095 Request-ID: 428dab62dced. Sequence: 76. Topic: protein folding. ,256,512,256,512,3131.2646865844727,70.26308409618159,39035.700659733266,13.116198539972576,0,offline_proxy,vllm,meta-llama/Llama-3.1-8B-Instruct,True,,measured
decode_heavy_512-synthetic_unique-000077,decode_heavy_512,synthetic_unique,decode_heavy,,False,7eb419adb5aa Request-ID: 4be56e1a4e89. Sequence: 77. Topic: numerical linear algebra. ,256,512,256,512,3130.5506229400635,70.26308409618159,39034.98659608886,13.116438473461658,0,offline_proxy,vllm,meta-llama/Llama-3.1-8B-Instruct,True,,measured
decode_heavy_512-synthetic_unique-000078,decode_heavy_512,synthetic_unique,decode_heavy,,False,c15fceb32b48 Request-ID: 16e0fe222080. Sequence: 78. Topic: compiler optimization. ,256,512,256,512,3129.8792362213135,70.26308409618159,39034.31520937011,13.116664075026362,0,offline_proxy,vllm,meta-llama/Llama-3.1-8B-Instruct,True,,measured
decode_heavy_512-synthetic_unique-000079,decode_heavy_512,synthetic_unique,decode_heavy,,False,7c94d4897ce8 Request-ID: 30cea99b6190. Sequence: 79. Topic: urban hydrology. ,256,512,256,512,3129.1987895965576,70.26308409618159,39033.63476274535,13.116892728848947,0,offline_proxy,vllm,meta-llama/Llama-3.1-8B-Instruct,True,,measured
decode_heavy_512-synthetic_unique-000080,decode_heavy_512,synthetic_unique,decode_heavy,,False,9ac4d45c9a41 Request-ID: f0b2a555255f. Sequence: 80. Topic: computer security. ,256,512,256,512,3128.504991531372,70.26308409618159,39032.940964680165,13.117125877429904,0,offline_proxy,vllm,meta-llama/Llama-3.1-8B-Instruct,True,,measured
decode_heavy_512-synthetic_unique-000081,decode_heavy_512,synthetic_unique,decode_heavy,,False,db0c4de787ac Request-ID: 551dda012108. Sequence: 81. Topic: urban hydrology. ,256,512,256,512,3127.8178691864014,70.26308409618159,39032.253842335194,13.117356790826005,0,offline_proxy,vllm,meta-llama/Llama-3.1-8B-Instruct,True,,measured
decode_heavy_512-synthetic_unique-000082,decode_heavy_512,synthetic_unique,decode_heavy,,False,672f162c2dec Request-ID: cbd1970e06ab. Sequence: 82. Topic: language education. ,256,512,256,512,3127.101182937622,70.26308409618159,39031.537156086415,13.117597648089575,0,offline_proxy,vllm,meta-llama/Llama-3.1-8B-Instruct,True,,measured
decode_heavy_512-synthetic_unique-000083,decode_heavy_512,synthetic_unique,decode_heavy,,False,6ddee657e6df Request-ID: 6f029c6655e8. Sequence: 83. Topic: urban hydrology. ,256,512,256,512,3126.425266265869,70.26308409618159,39030.86123941466,13.117824811996856,0,offline_proxy,vllm,meta-llama/Llama-3.1-8B-Instruct,True,,measured
decode_heavy_512-synthetic_unique-000084,decode_heavy_512,synthetic_unique,decode_heavy,,False,c0287e04a507 Request-ID: 8bc30cc6b3e1. Sequence: 84. Topic: supply chain planning. ,256,512,256,512,3125.7283687591553,70.26308409618159,39030.16434190795,13.118059035438113,0,offline_proxy,vllm,meta-llama/Llama-3.1-8B-Instruct,True,,measured
decode_heavy_512-synthetic_unique-000085,decode_heavy_512,synthetic_unique,decode_heavy,,False,037f22cde1ce Request-ID: 57e0b091f4a9. Sequence: 85. Topic: supply chain planning. ,256,512,256,512,3125.044584274292,70.26308409618159,39029.480557423085,13.118288859794262,0,offline_proxy,vllm,meta-llama/Llama-3.1-8B-Instruct,True,,measured
decode_heavy_512-synthetic_unique-000086,decode_heavy_512,synthetic_unique,decode_heavy,,False,b9ea082e7f4f Request-ID: ac084404cd21. Sequence: 86. Topic: ancient astronomy. ,256,512,256,512,3124.3488788604736,70.26308409618159,39028.78485200927,13.118522699116044,0,offline_proxy,vllm,meta-llama/Llama-3.1-8B-Instruct,True,,measured
decode_heavy_512-synthetic_unique-000087,decode_heavy_512,synthetic_unique,decode_heavy,,False,7fda5bba4f8c Request-ID: 777a38d1ed7f. Sequence: 87. Topic: urban hydrology. ,256,512,256,512,3123.6319541931152,70.26308409618159,39028.06792734191,13.118763679339299,0,offline_proxy,vllm,meta-llama/Llama-3.1-8B-Instruct,True,,measured
decode_heavy_512-synthetic_unique-000088,decode_heavy_512,synthetic_unique,decode_heavy,,False,a2309917b6e3 Request-ID: 677b6877f4c1. Sequence: 88. Topic: public transportation. ,256,512,256,512,3122.9560375213623,70.26308409618159,39027.392010670155,13.1189908836342,0,offline_proxy,vllm,meta-llama/Llama-3.1-8B-Instruct,True,,measured
decode_heavy_512-synthetic_unique-000089,decode_heavy_512,synthetic_unique,decode_heavy,,False,679289d00826 Request-ID: a02196c793db. Sequence: 89. Topic: computer security. ,256,512,256,512,3122.285842895508,70.26308409618159,39026.7218160443,13.119216172276898,0,offline_proxy,vllm,meta-llama/Llama-3.1-8B-Instruct,True,,measured
decode_heavy_512-synthetic_unique-000090,decode_heavy_512,synthetic_unique,decode_heavy,,False,82935aff862d Request-ID: e4df664bb1b6. Sequence: 90. Topic: public transportation. ,256,512,256,512,3121.5949058532715,70.26308409618159,39026.030879002064,13.119448441667721,0,offline_proxy,vllm,meta-llama/Llama-3.1-8B-Instruct,True,,measured
decode_heavy_512-synthetic_unique-000091,decode_heavy_512,synthetic_unique,decode_heavy,,False,262bfdd8432f Request-ID: 6bc35f255afb. Sequence: 91. Topic: distributed systems. ,256,512,256,512,3120.901107788086,70.26308409618159,39025.33708093688,13.119681681112297,0,offline_proxy,vllm,meta-llama/Llama-3.1-8B-Instruct,True,,measured
decode_heavy_512-synthetic_unique-000092,decode_heavy_512,synthetic_unique,decode_heavy,,False,1b7194869a2b Request-ID: 294366b09184. Sequence: 92. Topic: urban hydrology. ,256,512,256,512,3120.1963424682617,70.26308409618159,39024.632315617055,13.119918615994377,0,offline_proxy,vllm,meta-llama/Llama-3.1-8B-Instruct,True,,measured
decode_heavy_512-synthetic_unique-000093,decode_heavy_512,synthetic_unique,decode_heavy,,False,60cfb072cc92 Request-ID: 2d58b701b22b. Sequence: 93. Topic: database indexing. ,256,512,256,512,3119.488477706909,70.26308409618159,39023.9244508557,13.1201566014915,0,offline_proxy,vllm,meta-llama/Llama-3.1-8B-Instruct,True,,measured
decode_heavy_512-synthetic_unique-000094,decode_heavy_512,synthetic_unique,decode_heavy,,False,66765bf45187 Request-ID: c3479f1a853a. Sequence: 94. Topic: robot navigation. ,256,512,256,512,3118.816375732422,70.26308409618159,39023.252348881215,13.120382571461368,0,offline_proxy,vllm,meta-llama/Llama-3.1-8B-Instruct,True,,measured
decode_heavy_512-synthetic_unique-000095,decode_heavy_512,synthetic_unique,decode_heavy,,False,c42e4c6f2b57 Request-ID: 0caa4e1c3715. Sequence: 95. Topic: protein folding. ,256,512,256,512,3118.10564994812,70.26308409618159,39022.54162309691,13.12062153575753,0,offline_proxy,vllm,meta-llama/Llama-3.1-8B-Instruct,True,,measured
decode_heavy_512-synthetic_unique-000096,decode_heavy_512,synthetic_unique,decode_heavy,,False,9758380acf87 Request-ID: 77a8440cab32. Sequence: 96. Topic: compiler optimization. ,256,512,256,512,4179.021596908569,68.26465908591061,39062.26238980889,13.107279729234978,0,offline_proxy,vllm,meta-llama/Llama-3.1-8B-Instruct,True,,measured
decode_heavy_512-synthetic_unique-000097,decode_heavy_512,synthetic_unique,decode_heavy,,False,a5586ff5b61a Request-ID: 541039cd1fb8. Sequence: 97. Topic: distributed systems. ,256,512,256,512,4178.343057632446,68.26465908591061,39061.58385053277,13.107507415959958,0,offline_proxy,vllm,meta-llama/Llama-3.1-8B-Instruct,True,,measured
decode_heavy_512-synthetic_unique-000098,decode_heavy_512,synthetic_unique,decode_heavy,,False,dafd173fb347 Request-ID: 334d15c1313c. Sequence: 98. Topic: compiler optimization. ,256,512,256,512,4177.633762359619,68.26465908591061,39060.87455525994,13.107745431446158,0,offline_proxy,vllm,meta-llama/Llama-3.1-8B-Instruct,True,,measured
decode_heavy_512-synthetic_unique-000099,decode_heavy_512,synthetic_unique,decode_heavy,,False,0613503c774b Request-ID: 4d8cba45be29. Sequence: 99. Topic: distributed systems. ,256,512,256,512,4176.942586898804,68.26465908591061,39060.18337979913,13.107977374852586,0,offline_proxy,vllm,meta-llama/Llama-3.1-8B-Instruct,True,,measured
decode_heavy_512-synthetic_unique-000100,decode_heavy_512,synthetic_unique,decode_heavy,,False,3019e1c2a082 Request-ID: ea661424ad7a. Sequence: 100. Topic: robot navigation. ,256,512,256,512,4176.272630691528,68.26465908591061,39059.51342359185,13.10820220537497,0,offline_proxy,vllm,meta-llama/Llama-3.1-8B-Instruct,True,,measured
decode_heavy_512-synthetic_unique-000101,decode_heavy_512,synthetic_unique,decode_heavy,,False,b0cfa0f70dc9 Request-ID: 4756d5d6f48a. Sequence: 101. Topic: marine ecology. ,256,512,256,512,4175.592660903931,68.26465908591061,39058.833453804255,13.10843040424015,0,offline_proxy,vllm,meta-llama/Llama-3.1-8B-Instruct,True,,measured
decode_heavy_512-synthetic_unique-000102,decode_heavy_512,synthetic_unique,decode_heavy,,False,6ef3083a7623 Request-ID: 767bdd54585e. Sequence: 102. Topic: ancient astronomy. ,256,512,256,512,4174.893617630005,68.26465908591061,39058.13441053033,13.108665012478461,0,offline_proxy,vllm,meta-llama/Llama-3.1-8B-Instruct,True,,measured
decode_heavy_512-synthetic_unique-000103,decode_heavy_512,synthetic_unique,decode_heavy,,False,08e2d5b39457 Request-ID: 279d05d2355e. Sequence: 103. Topic: satellite imaging. ,256,512,256,512,4174.210071563721,68.26465908591061,39057.450864464045,13.108894427768124,0,offline_proxy,vllm,meta-llama/Llama-3.1-8B-Instruct,True,,measured
decode_heavy_512-synthetic_unique-000104,decode_heavy_512,synthetic_unique,decode_heavy,,False,ad05dae04b62 Request-ID: 00dc6c4d4bb8. Sequence: 104. Topic: marine ecology. ,256,512,256,512,4173.49910736084,68.26465908591061,39056.739900261164,13.109133053795317,0,offline_proxy,vllm,meta-llama/Llama-3.1-8B-Instruct,True,,measured
decode_heavy_512-synthetic_unique-000105,decode_heavy_512,synthetic_unique,decode_heavy,,False,82df6a072b0f Request-ID: a4149e2f568d. Sequence: 105. Topic: renewable energy. ,256,512,256,512,4172.818660736084,68.26465908591061,39056.05945363641,13.109361445124721,0,offline_proxy,vllm,meta-llama/Llama-3.1-8B-Instruct,True,,measured
decode_heavy_512-synthetic_unique-000106,decode_heavy_512,synthetic_unique,decode_heavy,,False,7b3dadba485f Request-ID: db187b27ba1a. Sequence: 106. Topic: urban hydrology. ,256,512,256,512,4172.148704528809,68.26465908591061,39055.38949742913,13.109586323129692,0,offline_proxy,vllm,meta-llama/Llama-3.1-8B-Instruct,True,,measured
decode_heavy_512-synthetic_unique-000107,decode_heavy_512,synthetic_unique,decode_heavy,,False,207ba7e67066 Request-ID: 0e8731614013. Sequence: 107. Topic: database indexing. ,256,512,256,512,4171.485662460327,68.26465908591061,39054.72645536065,13.109808887925853,0,offline_proxy,vllm,meta-llama/Llama-3.1-8B-Instruct,True,,measured
decode_heavy_512-synthetic_unique-000108,decode_heavy_512,synthetic_unique,decode_heavy,,False,76f1aca95d9e Request-ID: 32addcb6d8ed. Sequence: 108. Topic: protein folding. ,256,512,256,512,4170.80020904541,68.26465908591061,39054.041001945734,13.110038983532878,0,offline_proxy,vllm,meta-llama/Llama-3.1-8B-Instruct,True,,measured
decode_heavy_512-synthetic_unique-000109,decode_heavy_512,synthetic_unique,decode_heavy,,False,19bb67ae57aa Request-ID: 100eb3436581. Sequence: 109. Topic: ancient astronomy. ,256,512,256,512,4170.093297958374,68.26465908591061,39053.3340908587,13.110276290593202,0,offline_proxy,vllm,meta-llama/Llama-3.1-8B-Instruct,True,,measured
decode_heavy_512-synthetic_unique-000110,decode_heavy_512,synthetic_unique,decode_heavy,,False,645635b4962c Request-ID: f075ab554fdb. Sequence: 110. Topic: public transportation. ,256,512,256,512,4169.433116912842,68.26465908591061,39052.673909813166,13.11049791833446,0,offline_proxy,vllm,meta-llama/Llama-3.1-8B-Instruct,True,,measured
decode_heavy_512-synthetic_unique-000111,decode_heavy_512,synthetic_unique,decode_heavy,,False,15f8d0baff39 Request-ID: dc2b850ecde5. Sequence: 111. Topic: robot navigation. ,256,512,256,512,4168.7493324279785,68.26465908591061,39051.9901253283,13.110727477827757,0,offline_proxy,vllm,meta-llama/Llama-3.1-8B-Instruct,True,,measured
decode_heavy_512-synthetic_unique-000112,decode_heavy_512,synthetic_unique,decode_heavy,,False,dd927a5175ab Request-ID: 94c2039c4eaa. Sequence: 112. Topic: ancient astronomy. ,256,512,256,512,4168.052911758423,68.26465908591061,39051.29370465875,13.110961287792607,0,offline_proxy,vllm,meta-llama/Llama-3.1-8B-Instruct,True,,measured
decode_heavy_512-synthetic_unique-000113,decode_heavy_512,synthetic_unique,decode_heavy,,False,f0fcb3de427d Request-ID: 9e4c4e99add6. Sequence: 113. Topic: robot navigation. ,256,512,256,512,4167.388677597046,68.26465908591061,39050.62947049737,13.111184299521073,0,offline_proxy,vllm,meta-llama/Llama-3.1-8B-Instruct,True,,measured
decode_heavy_512-synthetic_unique-000114,decode_heavy_512,synthetic_unique,decode_heavy,,False,7fb4a85932aa Request-ID: 7c479220b019. Sequence: 114. Topic: numerical linear algebra. ,256,512,256,512,4166.709423065186,68.26465908591061,39049.95021596551,13.111412362074399,0,offline_proxy,vllm,meta-llama/Llama-3.1-8B-Instruct,True,,measured
decode_heavy_512-synthetic_unique-000115,decode_heavy_512,synthetic_unique,decode_heavy,,False,280fb53e4dd9 Request-ID: 93eb22bf2469. Sequence: 115. Topic: robot navigation. ,256,512,256,512,4166.0168170928955,68.26465908591061,39049.25760999322,13.111644915599431,0,offline_proxy,vllm,meta-llama/Llama-3.1-8B-Instruct,True,,measured
decode_heavy_512-synthetic_unique-000116,decode_heavy_512,synthetic_unique,decode_heavy,,False,463773b06a31 Request-ID: 1f8345b937e7. Sequence: 116. Topic: satellite imaging. ,256,512,256,512,4165.309429168701,68.26465908591061,39048.550222069025,13.11188244091668,0,offline_proxy,vllm,meta-llama/Llama-3.1-8B-Instruct,True,,measured
decode_heavy_512-synthetic_unique-000117,decode_heavy_512,synthetic_unique,decode_heavy,,False,5e09e83872ea Request-ID: 7bf16aa04734. Sequence: 117. Topic: compiler optimization. ,256,512,256,512,4164.638519287109,68.26465908591061,39047.87931218743,13.112107725660714,0,offline_proxy,vllm,meta-llama/Llama-3.1-8B-Instruct,True,,measured
decode_heavy_512-synthetic_unique-000118,decode_heavy_512,synthetic_unique,decode_heavy,,False,990b3de8a19f Request-ID: 6f76ab2cec12. Sequence: 118. Topic: computer security. ,256,512,256,512,4163.9404296875,68.26465908591061,39047.181222587824,13.112342145297308,0,offline_proxy,vllm,meta-llama/Llama-3.1-8B-Instruct,True,,measured
decode_heavy_512-synthetic_unique-000119,decode_heavy_512,synthetic_unique,decode_heavy,,False,1933ca09ee92 Request-ID: 3a0445015f6b. Sequence: 119. Topic: ancient astronomy. ,256,512,256,512,4163.25044631958,68.26465908591061,39046.491239219904,13.11257385108463,0,offline_proxy,vllm,meta-llama/Llama-3.1-8B-Instruct,True,,measured
decode_heavy_512-synthetic_unique-000120,decode_heavy_512,synthetic_unique,decode_heavy,,False,9f6f7ca63bff Request-ID: 091c1cc7b1c0. Sequence: 120. Topic: satellite imaging. ,256,512,256,512,4162.572860717773,68.26465908591061,39045.8136536181,13.112801401503297,0,offline_proxy,vllm,meta-llama/Llama-3.1-8B-Instruct,True,,measured
decode_heavy_512-synthetic_unique-000121,decode_heavy_512,synthetic_unique,decode_heavy,,False,ece3b5f3145a Request-ID: baf5d331993a. Sequence: 121. Topic: robot navigation. ,256,512,256,512,4161.850452423096,68.26465908591061,39045.09124532342,13.113044013217007,0,offline_proxy,vllm,meta-llama/Llama-3.1-8B-Instruct,True,,measured
decode_heavy_512-synthetic_unique-000122,decode_heavy_512,synthetic_unique,decode_heavy,,False,9ace4e5f6f7c Request-ID: e3579eb1fa11. Sequence: 122. Topic: compiler optimization. ,256,512,256,512,4161.149263381958,68.26465908591061,39044.39005628228,13.113279507298095,0,offline_proxy,vllm,meta-llama/Llama-3.1-8B-Instruct,True,,measured
decode_heavy_512-synthetic_unique-000123,decode_heavy_512,synthetic_unique,decode_heavy,,False,1f0b0e67ddc8 Request-ID: 6455a2d73a16. Sequence: 123. Topic: public transportation. ,256,512,256,512,4160.473108291626,68.26465908591061,39043.71390119195,13.113506601746955,0,offline_proxy,vllm,meta-llama/Llama-3.1-8B-Instruct,True,,measured
decode_heavy_512-synthetic_unique-000124,decode_heavy_512,synthetic_unique,decode_heavy,,False,6118d114e3a6 Request-ID: de4735bc5453. Sequence: 124. Topic: ancient astronomy. ,256,512,256,512,4159.639835357666,68.26465908591061,39042.88062825799,13.113786476846967,0,offline_proxy,vllm,meta-llama/Llama-3.1-8B-Instruct,True,,measured
decode_heavy_512-synthetic_unique-000125,decode_heavy_512,synthetic_unique,decode_heavy,,False,30f4a5000b20 Request-ID: 186fe9907206. Sequence: 125. Topic: supply chain planning. ,256,512,256,512,4158.90908241272,68.26465908591061,39042.14987531304,13.114031927932983,0,offline_proxy,vllm,meta-llama/Llama-3.1-8B-Instruct,True,,measured
decode_heavy_512-synthetic_unique-000126,decode_heavy_512,synthetic_unique,decode_heavy,,False,443f6a6da7c8 Request-ID: fb3d90573734. Sequence: 126. Topic: computer security. ,256,512,256,512,4158.228158950806,68.26465908591061,39041.46895185113,13.114260650167566,0,offline_proxy,vllm,meta-llama/Llama-3.1-8B-Instruct,True,,measured
decode_heavy_512-synthetic_unique-000127,decode_heavy_512,synthetic_unique,decode_heavy,,False,2fed898c5436 Request-ID: 4af8f3832645. Sequence: 127. Topic: public transportation. ,256,512,256,512,4157.554388046265,68.26465908591061,39040.79518094659,13.114486977710836,0,offline_proxy,vllm,meta-llama/Llama-3.1-8B-Instruct,True,,measured
decode_heavy_512-synthetic_unique-000128,decode_heavy_512,synthetic_unique,decode_heavy,,False,7ad03c66db05 Request-ID: 98eb21145ed7. Sequence: 128. Topic: distributed systems. ,256,512,256,512,5218.65439414978,66.25458854022791,39074.74913820624,13.103091159691672,0,offline_proxy,vllm,meta-llama/Llama-3.1-8B-Instruct,True,,measured
decode_heavy_512-synthetic_unique-000129,decode_heavy_512,synthetic_unique,decode_heavy,,False,1cdf060b76a2 Request-ID: 73f721ac942e. Sequence: 129. Topic: compiler optimization. ,256,512,256,512,5217.934846878052,66.25458854022791,39074.029590934515,13.103332452785676,0,offline_proxy,vllm,meta-llama/Llama-3.1-8B-Instruct,True,,measured
decode_heavy_512-synthetic_unique-000130,decode_heavy_512,synthetic_unique,decode_heavy,,False,241f320de347 Request-ID: e3b211521e94. Sequence: 130. Topic: robot navigation. ,256,512,256,512,5217.234134674072,66.25458854022791,39073.328878730536,13.103567438266206,0,offline_proxy,vllm,meta-llama/Llama-3.1-8B-Instruct,True,,measured
decode_heavy_512-synthetic_unique-000131,decode_heavy_512,synthetic_unique,decode_heavy,,False,c809a8be8039 Request-ID: 86d240f3d8ba. Sequence: 131. Topic: public transportation. ,256,512,256,512,5216.53938293457,66.25458854022791,39072.63412699103,13.103800433212024,0,offline_proxy,vllm,meta-llama/Llama-3.1-8B-Instruct,True,,measured
decode_heavy_512-synthetic_unique-000132,decode_heavy_512,synthetic_unique,decode_heavy,,False,8f70e8c41c81 Request-ID: d6bd6b716113. Sequence: 132. Topic: satellite imaging. ,256,512,256,512,5215.850353240967,66.25458854022791,39071.94509729743,13.104031517371643,0,offline_proxy,vllm,meta-llama/Llama-3.1-8B-Instruct,True,,measured
decode_heavy_512-synthetic_unique-000133,decode_heavy_512,synthetic_unique,decode_heavy,,False,147783d4f437 Request-ID: 441339f66604. Sequence: 133. Topic: public transportation. ,256,512,256,512,5215.121269226074,66.25458854022791,39071.21601328254,13.1042760436722,0,offline_proxy,vllm,meta-llama/Llama-3.1-8B-Instruct,True,,measured
decode_heavy_512-synthetic_unique-000134,decode_heavy_512,synthetic_unique,decode_heavy,,False,c092c0b6be71 Request-ID: af4da89348d5. Sequence: 134. Topic: urban hydrology. ,256,512,256,512,5214.412212371826,66.25458854022791,39070.50695642829,13.104513861849453,0,offline_proxy,vllm,meta-llama/Llama-3.1-8B-Instruct,True,,measured
decode_heavy_512-synthetic_unique-000135,decode_heavy_512,synthetic_unique,decode_heavy,,False,9bcacc243bdf Request-ID: 3918f790707c. Sequence: 135. Topic: protein folding. ,256,512,256,512,5213.721036911011,66.25458854022791,39069.815780967474,13.104745690902806,0,offline_proxy,vllm,meta-llama/Llama-3.1-8B-Instruct,True,,measured
decode_heavy_512-synthetic_unique-000136,decode_heavy_512,synthetic_unique,decode_heavy,,False,b9ead3e3d326 Request-ID: 06a7d293b880. Sequence: 136. Topic: satellite imaging. ,256,512,256,512,5213.021516799927,66.25458854022791,39069.11626085639,13.104980327209915,0,offline_proxy,vllm,meta-llama/Llama-3.1-8B-Instruct,True,,measured
decode_heavy_512-synthetic_unique-000137,decode_heavy_512,synthetic_unique,decode_heavy,,False,9e387827e0ca Request-ID: 1c1debcdd408. Sequence: 137. Topic: computer security. ,256,512,256,512,5212.339639663696,66.25458854022791,39068.43438372016,13.105209053715004,0,offline_proxy,vllm,meta-llama/Llama-3.1-8B-Instruct,True,,measured
decode_heavy_512-synthetic_unique-000138,decode_heavy_512,synthetic_unique,decode_heavy,,False,3c992365cb0c Request-ID: 6f23caeef215. Sequence: 138. Topic: language education. ,256,512,256,512,5211.659669876099,66.25458854022791,39067.75441393256,13.105437148376454,0,offline_proxy,vllm,meta-llama/Llama-3.1-8B-Instruct,True,,measured
decode_heavy_512-synthetic_unique-000139,decode_heavy_512,synthetic_unique,decode_heavy,,False,b27afbaf9049 Request-ID: e78223488e8f. Sequence: 139. Topic: robot navigation. ,256,512,256,512,5210.767507553101,66.25458854022791,39066.862251609564,13.105736434691668,0,offline_proxy,vllm,meta-llama/Llama-3.1-8B-Instruct,True,,measured
decode_heavy_512-synthetic_unique-000140,decode_heavy_512,synthetic_unique,decode_heavy,,False,7fb8119239e9 Request-ID: 180573f0999e. Sequence: 140. Topic: urban hydrology. ,256,512,256,512,5210.015058517456,66.25458854022791,39066.10980257392,13.1059888631723,0,offline_proxy,vllm,meta-llama/Llama-3.1-8B-Instruct,True,,measured
decode_heavy_512-synthetic_unique-000141,decode_heavy_512,synthetic_unique,decode_heavy,,False,58e94531dad9 Request-ID: feac7cee69c8. Sequence: 141. Topic: distributed systems. ,256,512,256,512,5209.316253662109,66.25458854022791,39065.41099771857,13.10622330403489,0,offline_proxy,vllm,meta-llama/Llama-3.1-8B-Instruct,True,,measured
decode_heavy_512-synthetic_unique-000142,decode_heavy_512,synthetic_unique,decode_heavy,,False,5db72b226d55 Request-ID: a473f9ad9439. Sequence: 142. Topic: numerical linear algebra. ,256,512,256,512,5208.615779876709,66.25458854022791,39064.71052393317,13.10645831322162,0,offline_proxy,vllm,meta-llama/Llama-3.1-8B-Instruct,True,,measured
decode_heavy_512-synthetic_unique-000143,decode_heavy_512,synthetic_unique,decode_heavy,,False,18ecb6ed52fd Request-ID: 7cca081abf1f. Sequence: 143. Topic: language education. ,256,512,256,512,5207.910537719727,66.25458854022791,39064.00528177619,13.106694930712953,0,offline_proxy,vllm,meta-llama/Llama-3.1-8B-Instruct,True,,measured
decode_heavy_512-synthetic_unique-000144,decode_heavy_512,synthetic_unique,decode_heavy,,False,81b39e712545 Request-ID: eb99d0acc4d0. Sequence: 144. Topic: digital typography. ,256,512,256,512,5207.206010818481,66.25458854022791,39063.300754874945,13.106931316757825,0,offline_proxy,vllm,meta-llama/Llama-3.1-8B-Instruct,True,,measured
decode_heavy_512-synthetic_unique-000145,decode_heavy_512,synthetic_unique,decode_heavy,,False,a999a9bc934a Request-ID: 1ae525008c14. Sequence: 145. Topic: supply chain planning. ,256,512,256,512,5206.506013870239,66.25458854022791,39062.6007579267,13.107166191337207,0,offline_proxy,vllm,meta-llama/Llama-3.1-8B-Instruct,True,,measured
decode_heavy_512-synthetic_unique-000146,decode_heavy_512,synthetic_unique,decode_heavy,,False,973124861329 Request-ID: c417212e55d2. Sequence: 146. Topic: robot navigation. ,256,512,256,512,5205.824851989746,66.25458854022791,39061.91959604621,13.107394754143723,0,offline_proxy,vllm,meta-llama/Llama-3.1-8B-Instruct,True,,measured
decode_heavy_512-synthetic_unique-000147,decode_heavy_512,synthetic_unique,decode_heavy,,False,4adf80d05683 Request-ID: 6ae00d65e6db. Sequence: 147. Topic: protein folding. ,256,512,256,512,5205.138921737671,66.25458854022791,39061.233665794134,13.107624925025286,0,offline_proxy,vllm,meta-llama/Llama-3.1-8B-Instruct,True,,measured
decode_heavy_512-synthetic_unique-000148,decode_heavy_512,synthetic_unique,decode_heavy,,False,476b78199a55 Request-ID: 88b46371eb52. Sequence: 148. Topic: compiler optimization. ,256,512,256,512,5204.447507858276,66.25458854022791,39060.54225191474,13.107856944174959,0,offline_proxy,vllm,meta-llama/Llama-3.1-8B-Instruct,True,,measured
decode_heavy_512-synthetic_unique-000149,decode_heavy_512,synthetic_unique,decode_heavy,,False,fb46d147fad9 Request-ID: 1e44869f4c07. Sequence: 149. Topic: robot navigation. ,256,512,256,512,5203.7599086761475,66.25458854022791,39059.85465273261,13.108087691365249,0,offline_proxy,vllm,meta-llama/Llama-3.1-8B-Instruct,True,,measured
decode_heavy_512-synthetic_unique-000150,decode_heavy_512,synthetic_unique,decode_heavy,,False,1269bd7ff5fa Request-ID: 641e626d582b. Sequence: 150. Topic: protein folding. ,256,512,256,512,5203.081369400024,66.25458854022791,39059.17611345649,13.108315406161578,0,offline_proxy,vllm,meta-llama/Llama-3.1-8B-Instruct,True,,measured
decode_heavy_512-synthetic_unique-000151,decode_heavy_512,synthetic_unique,decode_heavy,,False,606661cd4fe4 Request-ID: 7b4115e38c48. Sequence: 151. Topic: digital typography. ,256,512,256,512,5202.3937702178955,66.25458854022791,39058.48851427436,13.108546169493577,0,offline_proxy,vllm,meta-llama/Llama-3.1-8B-Instruct,True,,measured
decode_heavy_512-synthetic_unique-000152,decode_heavy_512,synthetic_unique,decode_heavy,,False,68fa3a539bf7 Request-ID: ab36862b8dd7. Sequence: 152. Topic: urban hydrology. ,256,512,256,512,5201.6894817352295,66.25458854022791,39057.78422579169,13.10878254230055,0,offline_proxy,vllm,meta-llama/Llama-3.1-8B-Instruct,True,,measured
decode_heavy_512-synthetic_unique-000153,decode_heavy_512,synthetic_unique,decode_heavy,,False,12f58bd7f7d0 Request-ID: 924a713fae2c. Sequence: 153. Topic: renewable energy. ,256,512,256,512,5200.995922088623,66.25458854022791,39057.090666145086,13.109015322633967,0,offline_proxy,vllm,meta-llama/Llama-3.1-8B-Instruct,True,,measured
decode_heavy_512-synthetic_unique-000154,decode_heavy_512,synthetic_unique,decode_heavy,,False,14756e6fa7fb Request-ID: 64b613a1cc35. Sequence: 154. Topic: protein folding. ,256,512,256,512,5200.314998626709,66.25458854022791,39056.40974268317,13.109243869910959,0,offline_proxy,vllm,meta-llama/Llama-3.1-8B-Instruct,True,,measured
decode_heavy_512-synthetic_unique-000155,decode_heavy_512,synthetic_unique,decode_heavy,,False,68be3404d7cd Request-ID: 3153611c8328. Sequence: 155. Topic: ancient astronomy. ,256,512,256,512,5199.632167816162,66.25458854022791,39055.726911872625,13.109473065379207,0,offline_proxy,vllm,meta-llama/Llama-3.1-8B-Instruct,True,,measured
decode_heavy_512-synthetic_unique-000156,decode_heavy_512,synthetic_unique,decode_heavy,,False,f3bf7f7f86d3 Request-ID: 744f8d8ef641. Sequence: 156. Topic: digital typography. ,256,512,256,512,5198.940753936768,66.25458854022791,39055.03549799323,13.109705149962242,0,offline_proxy,vllm,meta-llama/Llama-3.1-8B-Instruct,True,,measured
decode_heavy_512-synthetic_unique-000157,decode_heavy_512,synthetic_unique,decode_heavy,,False,5b7892b142da Request-ID: adb96e91f400. Sequence: 157. Topic: protein folding. ,256,512,256,512,5198.262453079224,66.25458854022791,39054.35719713569,13.109932840926414,0,offline_proxy,vllm,meta-llama/Llama-3.1-8B-Instruct,True,,measured
decode_heavy_512-synthetic_unique-000158,decode_heavy_512,synthetic_unique,decode_heavy,,False,b2d418ca69f2 Request-ID: 9fa80ae54da0. Sequence: 158. Topic: distributed systems. ,256,512,256,512,5197.60274887085,66.25458854022791,39053.69749292731,13.110154296983634,0,offline_proxy,vllm,meta-llama/Llama-3.1-8B-Instruct,True,,measured
decode_heavy_512-synthetic_unique-000159,decode_heavy_512,synthetic_unique,decode_heavy,,False,7d1a4d307940 Request-ID: de659b671b33. Sequence: 159. Topic: digital typography. ,256,512,256,512,6273.380517959595,64.21986042837194,39089.72919685766,13.098069762047842,0,offline_proxy,vllm,meta-llama/Llama-3.1-8B-Instruct,True,,measured
decode_heavy_512-synthetic_unique-000160,decode_heavy_512,synthetic_unique,decode_heavy,,False,383a3a99a3af Request-ID: 9ee2cc04e8d9. Sequence: 160. Topic: database indexing. ,256,512,256,512,6272.711277008057,64.21986042837194,39089.05995590612,13.098294013147273,0,offline_proxy,vllm,meta-llama/Llama-3.1-8B-Instruct,True,,measured
decode_heavy_512-synthetic_unique-000161,decode_heavy_512,synthetic_unique,decode_heavy,,False,c56348b1deec Request-ID: 3c7a54deac86. Sequence: 161. Topic: supply chain planning. ,256,512,256,512,6272.0136642456055,64.21986042837194,39088.36234314367,13.098527779325291,0,offline_proxy,vllm,meta-llama/Llama-3.1-8B-Instruct,True,,measured
decode_heavy_512-synthetic_unique-000162,decode_heavy_512,synthetic_unique,decode_heavy,,False,c3ccb1f5a888 Request-ID: 1977825bcd1c. Sequence: 162. Topic: language education. ,256,512,256,512,6271.303415298462,64.21986042837194,39087.65209419653,13.098765788391223,0,offline_proxy,vllm,meta-llama/Llama-3.1-8B-Instruct,True,,measured
decode_heavy_512-synthetic_unique-000163,decode_heavy_512,synthetic_unique,decode_heavy,,False,721db53dcacf Request-ID: f216d014cc6c. Sequence: 163. Topic: public transportation. ,256,512,256,512,6270.576477050781,64.21986042837194,39086.92515594885,13.099009399107874,0,offline_proxy,vllm,meta-llama/Llama-3.1-8B-Instruct,True,,measured
decode_heavy_512-synthetic_unique-000164,decode_heavy_512,synthetic_unique,decode_heavy,,False,fd51cf0487f9 Request-ID: 6f08fb9c0dad. Sequence: 164. Topic: language education. ,256,512,256,512,6269.444465637207,64.21986042837194,39085.79314453527,13.099388775524556,0,offline_proxy,vllm,meta-llama/Llama-3.1-8B-Instruct,True,,measured
decode_heavy_512-synthetic_unique-000165,decode_heavy_512,synthetic_unique,decode_heavy,,False,a32365366187 Request-ID: 65d80bbd55e1. Sequence: 165. Topic: ancient astronomy. ,256,512,256,512,6268.494606018066,64.21986042837194,39084.84328491613,13.0997071234924,0,offline_proxy,vllm,meta-llama/Llama-3.1-8B-Instruct,True,,measured
decode_heavy_512-synthetic_unique-000166,decode_heavy_512,synthetic_unique,decode_heavy,,False,16c24bac7ff7 Request-ID: 843a3e4483f4. Sequence: 166. Topic: satellite imaging. ,256,512,256,512,6267.7905559539795,64.21986042837194,39084.139234852046,13.099943097721855,0,offline_proxy,vllm,meta-llama/Llama-3.1-8B-Instruct,True,,measured
decode_heavy_512-synthetic_unique-000167,decode_heavy_512,synthetic_unique,decode_heavy,,False,8d54d2845429 Request-ID: 0ec93642c539. Sequence: 167. Topic: digital typography. ,256,512,256,512,6267.101764678955,64.21986042837194,39083.45044357702,13.100173965938623,0,offline_proxy,vllm,meta-llama/Llama-3.1-8B-Instruct,True,,measured
decode_heavy_512-synthetic_unique-000168,decode_heavy_512,synthetic_unique,decode_heavy,,False,c2a8a3da048f Request-ID: b098df46065e. Sequence: 168. Topic: compiler optimization. ,256,512,256,512,6266.384601593018,64.21986042837194,39082.733280491084,13.10041435243156,0,offline_proxy,vllm,meta-llama/Llama-3.1-8B-Instruct,True,,measured
decode_heavy_512-synthetic_unique-000169,decode_heavy_512,synthetic_unique,decode_heavy,,False,563ec069c8cc Request-ID: a3fec2224b1c. Sequence: 169. Topic: protein folding. ,256,512,256,512,6265.691041946411,64.21986042837194,39082.03972084448,13.100646835659498,0,offline_proxy,vllm,meta-llama/Llama-3.1-8B-Instruct,True,,measured
decode_heavy_512-synthetic_unique-000170,decode_heavy_512,synthetic_unique,decode_heavy,,False,fd342bb145db Request-ID: 94743f39b189. Sequence: 170. Topic: numerical linear algebra. ,256,512,256,512,6264.928817749023,64.21986042837194,39081.27749664709,13.100902344963677,0,offline_proxy,vllm,meta-llama/Llama-3.1-8B-Instruct,True,,measured
decode_heavy_512-synthetic_unique-000171,decode_heavy_512,synthetic_unique,decode_heavy,,False,95c84fa8210a Request-ID: 203b6fb62a95. Sequence: 171. Topic: supply chain planning. ,256,512,256,512,6263.758897781372,64.21986042837194,39080.10757667944,13.101294539565943,0,offline_proxy,vllm,meta-llama/Llama-3.1-8B-Instruct,True,,measured
decode_heavy_512-synthetic_unique-000172,decode_heavy_512,synthetic_unique,decode_heavy,,False,618ef715d6de Request-ID: 7ab374b3631e. Sequence: 172. Topic: database indexing. ,256,512,256,512,6261.719703674316,64.21986042837194,39078.06838257238,13.101978198808215,0,offline_proxy,vllm,meta-llama/Llama-3.1-8B-Instruct,True,,measured
decode_heavy_512-synthetic_unique-000173,decode_heavy_512,synthetic_unique,decode_heavy,,False,67e53ae542de Request-ID: 5e3d8bd45a06. Sequence: 173. Topic: robot navigation. ,256,512,256,512,6260.9357833862305,64.21986042837194,39077.2844622843,13.10224103453658,0,offline_proxy,vllm,meta-llama/Llama-3.1-8B-Instruct,True,,measured
decode_heavy_512-synthetic_unique-000174,decode_heavy_512,synthetic_unique,decode_heavy,,False,eaf3b9425244 Request-ID: 654ab31be0ea. Sequence: 174. Topic: computer security. ,256,512,256,512,6260.197639465332,64.21986042837194,39076.5463183634,13.102488531833066,0,offline_proxy,vllm,meta-llama/Llama-3.1-8B-Instruct,True,,measured
decode_heavy_512-synthetic_unique-000175,decode_heavy_512,synthetic_unique,decode_heavy,,False,a89d410fe8cf Request-ID: a83be9f7322e. Sequence: 175. Topic: digital typography. ,256,512,256,512,6259.4616413116455,64.21986042837194,39075.81032020971,13.102735318970405,0,offline_proxy,vllm,meta-llama/Llama-3.1-8B-Instruct,True,,measured
decode_heavy_512-synthetic_unique-000176,decode_heavy_512,synthetic_unique,decode_heavy,,False,d9c1739807dd Request-ID: f65183b95852. Sequence: 176. Topic: computer security. ,256,512,256,512,6258.734464645386,64.21986042837194,39075.08314354345,13.102979157309868,0,offline_proxy,vllm,meta-llama/Llama-3.1-8B-Instruct,True,,measured
decode_heavy_512-synthetic_unique-000177,decode_heavy_512,synthetic_unique,decode_heavy,,False,61d533ee3a14 Request-ID: 0607ed6e49d0. Sequence: 177. Topic: computer security. ,256,512,256,512,6258.04591178894,64.21986042837194,39074.39459068701,13.103210052601304,0,offline_proxy,vllm,meta-llama/Llama-3.1-8B-Instruct,True,,measured
decode_heavy_512-synthetic_unique-000178,decode_heavy_512,synthetic_unique,decode_heavy,,False,cc74b5bfc423 Request-ID: 3763ce66960d. Sequence: 178. Topic: compiler optimization. ,256,512,256,512,6257.341384887695,64.21986042837194,39073.69006378576,13.103446312958583,0,offline_proxy,vllm,meta-llama/Llama-3.1-8B-Instruct,True,,measured
decode_heavy_512-synthetic_unique-000179,decode_heavy_512,synthetic_unique,decode_heavy,,False,cfc04a89f06b Request-ID: 46dea4c05998. Sequence: 179. Topic: supply chain planning. ,256,512,256,512,6256.657361984253,64.21986042837194,39073.00604088232,13.103675705531623,0,offline_proxy,vllm,meta-llama/Llama-3.1-8B-Instruct,True,,measured
decode_heavy_512-synthetic_unique-000180,decode_heavy_512,synthetic_unique,decode_heavy,,False,638aebf86989 Request-ID: 31b1a51b9729. Sequence: 180. Topic: urban hydrology. ,256,512,256,512,6255.929708480835,64.21986042837194,39072.2783873789,13.103919738793268,0,offline_proxy,vllm,meta-llama/Llama-3.1-8B-Instruct,True,,measured
decode_heavy_512-synthetic_unique-000181,decode_heavy_512,synthetic_unique,decode_heavy,,False,2de62b4bb455 Request-ID: 91003c4fdafd. Sequence: 181. Topic: database indexing. ,256,512,256,512,6255.234718322754,64.21986042837194,39071.58339722082,13.104152826230708,0,offline_proxy,vllm,meta-llama/Llama-3.1-8B-Instruct,True,,measured
decode_heavy_512-synthetic_unique-000182,decode_heavy_512,synthetic_unique,decode_heavy,,False,c7aaea2eb86c Request-ID: c3cc9edca9f1. Sequence: 182. Topic: language education. ,256,512,256,512,6254.562854766846,64.21986042837194,39070.91153366491,13.104378165296765,0,offline_proxy,vllm,meta-llama/Llama-3.1-8B-Instruct,True,,measured
decode_heavy_512-synthetic_unique-000183,decode_heavy_512,synthetic_unique,decode_heavy,,False,7201746cb488 Request-ID: d479f9afcba8. Sequence: 183. Topic: urban hydrology. ,256,512,256,512,6253.898143768311,64.21986042837194,39070.24682266638,13.104601113064025,0,offline_proxy,vllm,meta-llama/Llama-3.1-8B-Instruct,True,,measured
decode_heavy_512-synthetic_unique-000184,decode_heavy_512,synthetic_unique,decode_heavy,,False,5399d0976592 Request-ID: bb2246836313. Sequence: 184. Topic: robot navigation. ,256,512,256,512,6253.2289028167725,64.21986042837194,39069.57758171484,13.104825587866705,0,offline_proxy,vllm,meta-llama/Llama-3.1-8B-Instruct,True,,measured
decode_heavy_512-synthetic_unique-000185,decode_heavy_512,synthetic_unique,decode_heavy,,False,aae13193f401 Request-ID: f497193d59e5. Sequence: 185. Topic: computer security. ,256,512,256,512,6252.510547637939,64.21986042837194,39068.859226536006,13.105066544974619,0,offline_proxy,vllm,meta-llama/Llama-3.1-8B-Instruct,True,,measured
decode_heavy_512-synthetic_unique-000186,decode_heavy_512,synthetic_unique,decode_heavy,,False,c6d72e495122 Request-ID: 16994a43db64. Sequence: 186. Topic: database indexing. ,256,512,256,512,6251.836538314819,64.21986042837194,39068.185217212886,13.105292635257092,0,offline_proxy,vllm,meta-llama/Llama-3.1-8B-Instruct,True,,measured
decode_heavy_512-synthetic_unique-000187,decode_heavy_512,synthetic_unique,decode_heavy,,False,ea23046ce4af Request-ID: f3365f506b8a. Sequence: 187. Topic: computer security. ,256,512,256,512,6251.164674758911,64.21986042837194,39067.51335365698,13.105518013525511,0,offline_proxy,vllm,meta-llama/Llama-3.1-8B-Instruct,True,,measured
decode_heavy_512-synthetic_unique-000188,decode_heavy_512,synthetic_unique,decode_heavy,,False,4b5fb6ede3fb Request-ID: 600837d8664c. Sequence: 188. Topic: compiler optimization. ,256,512,256,512,6250.45919418335,64.21986042837194,39066.807873081416,13.105754677048706,0,offline_proxy,vllm,meta-llama/Llama-3.1-8B-Instruct,True,,measured
decode_heavy_512-synthetic_unique-000189,decode_heavy_512,synthetic_unique,decode_heavy,,False,b954e9bb4104 Request-ID: d4ce13ceaa5e. Sequence: 189. Topic: urban hydrology. ,256,512,256,512,6249.779939651489,64.21986042837194,39066.128618549556,13.105982550748319,0,offline_proxy,vllm,meta-llama/Llama-3.1-8B-Instruct,True,,measured
decode_heavy_512-synthetic_unique-000190,decode_heavy_512,synthetic_unique,decode_heavy,,False,9df292ab5f57 Request-ID: 20fbfbdfd6a6. Sequence: 190. Topic: urban hydrology. ,256,512,256,512,6249.09520149231,64.21986042837194,39065.443880390376,13.106212272094721,0,offline_proxy,vllm,meta-llama/Llama-3.1-8B-Instruct,True,,measured
decode_heavy_512-synthetic_unique-000191,decode_heavy_512,synthetic_unique,decode_heavy,,False,b73759254ab2 Request-ID: d40b8f19e2ab. Sequence: 191. Topic: ancient astronomy. ,256,512,256,512,6614.095687866211,63.5448673506743,39085.52290406078,13.099479345760676,0,offline_proxy,vllm,meta-llama/Llama-3.1-8B-Instruct,True,,measured
decode_heavy_512-synthetic_unique-000192,decode_heavy_512,synthetic_unique,decode_heavy,,False,33e69716d199 Request-ID: 6ffea1cea405. Sequence: 192. Topic: distributed systems. ,256,512,256,512,6613.430023193359,63.5448673506743,39084.85723938793,13.099702446502219,0,offline_proxy,vllm,meta-llama/Llama-3.1-8B-Instruct,True,,measured
decode_heavy_512-synthetic_unique-000193,decode_heavy_512,synthetic_unique,decode_heavy,,False,67e093b27521 Request-ID: 1d5da53cf8c6. Sequence: 193. Topic: database indexing. ,256,512,256,512,6612.720251083374,63.5448673506743,39084.147467277944,13.099940338436625,0,offline_proxy,vllm,meta-llama/Llama-3.1-8B-Instruct,True,,measured
decode_heavy_512-synthetic_unique-000194,decode_heavy_512,synthetic_unique,decode_heavy,,False,7e7741092c8c Request-ID: ac0a401e88a0. Sequence: 194. Topic: protein folding. ,256,512,256,512,6612.04719543457,63.5448673506743,39083.47441162914,13.100165932219586,0,offline_proxy,vllm,meta-llama/Llama-3.1-8B-Instruct,True,,measured
decode_heavy_512-synthetic_unique-000195,decode_heavy_512,synthetic_unique,decode_heavy,,False,b0e932360190 Request-ID: 625b3ddb5f50. Sequence: 195. Topic: supply chain planning. ,256,512,256,512,6611.366748809814,63.5448673506743,39082.793965004385,13.100394011197263,0,offline_proxy,vllm,meta-llama/Llama-3.1-8B-Instruct,True,,measured
decode_heavy_512-synthetic_unique-000196,decode_heavy_512,synthetic_unique,decode_heavy,,False,91c2a4a9a39f Request-ID: b6d63c2cf452. Sequence: 196. Topic: distributed systems. ,256,512,256,512,6610.690116882324,63.5448673506743,39082.117333076894,13.100620819401515,0,offline_proxy,vllm,meta-llama/Llama-3.1-8B-Instruct,True,,measured
decode_heavy_512-synthetic_unique-000197,decode_heavy_512,synthetic_unique,decode_heavy,,False,e784592c4964 Request-ID: d40febeb165a. Sequence: 197. Topic: public transportation. ,256,512,256,512,6610.0053787231445,63.5448673506743,39081.432594917715,13.100850352824125,0,offline_proxy,vllm,meta-llama/Llama-3.1-8B-Instruct,True,,measured
decode_heavy_512-synthetic_unique-000198,decode_heavy_512,synthetic_unique,decode_heavy,,False,4a04e0ae56ca Request-ID: d4955294b093. Sequence: 198. Topic: computer security. ,256,512,256,512,6609.303712844849,63.5448673506743,39080.73092903942,13.101085568989502,0,offline_proxy,vllm,meta-llama/Llama-3.1-8B-Instruct,True,,measured
decode_heavy_512-synthetic_unique-000199,decode_heavy_512,synthetic_unique,decode_heavy,,False,7b9697c28b1c Request-ID: 6b96b1a0a33c. Sequence: 199. Topic: distributed systems. ,256,512,256,512,6608.614683151245,63.5448673506743,39080.041899345815,13.1013165574055,0,offline_proxy,vllm,meta-llama/Llama-3.1-8B-Instruct,True,,measured
